email,name,birth_date,phone,password,building,street,city,country,postcode
jamiecooper@example.org,Bonnie Taylor,1991-12-06,7446475314,m9^DZt9##v,141,Robert Mountains,West Timothyhaven,Grenada,73424
jordanbarry@example.org,Anthony Mitchell,1968-11-23,202-516-3443x62186,(kN7We*Gi_,404,Olson Island,North Jameshaven,Venezuela,97193
lindagibson@example.org,Marcus Brown,2006-08-24,001-497-420-7532x349,*(8EfQ!uaU,1419,Klein Mountains,Summersville,Solomon Islands,97915
sarasharp@example.org,Hannah Martinez,1976-10-05,001-902-457-7866x31053,Vr6fFgogN_,70885,Lauren Spurs,East Davidmouth,Morocco,70419
robertwilkerson@example.org,Nicholas Ward,1992-10-29,+1-236-402-5786,v*1f39bwfK,371,Donna Ramp,Turnerhaven,Guinea,78956
amanda38@example.com,Laurie Dixon,1946-03-24,4057609639,xUwQmZ5q@8,65183,Scott Falls,Leechester,Romania,92528
christopherjensen@example.net,William Howard,1972-01-06,4454074626,_b5)E%lEN6,92388,Moore Harbor,Joshuatown,Togo,17611
pdelgado@example.com,Briana Lee,1981-10-27,471.814.4508x5675,#2B%Hpd%RZ,7576,Banks Centers,Nolanbury,Philippines,17162
danielsdavid@example.org,Gina Watts,1986-10-17,410-996-4360x5555,$3LfGB0^*x,58006,Nicholas Canyon,Johnsonport,Denmark,13915
karenwilson@example.net,Matthew Williams,2005-10-22,001-557-791-7665x064,tT6QggbWM@,74173,Baker Center,North Danieltown,Suriname,44896
timothyjohnson@example.net,Brett Munoz,1976-09-07,(450)896-6543x104,a^Rf0Li0AP,1722,Craig Place,Robinsonstad,Grenada,36892
ivasquez@example.org,Joseph Yu,1988-02-25,(493)205-2297x4713,xr**7Tqn$r,4456,Stanton Islands,East Jonathan,Finland,20992
pughthomas@example.com,Anthony Morris,1948-06-27,(399)376-7619,RE_7Ony)%$,3010,Joyce Stream,Castroland,Ghana,11198
amy00@example.org,James James,1960-11-11,916-384-4881x46510,(#EDr4Wm8$,7333,Lambert Keys,East Benjamin,Switzerland,35704
lisa95@example.net,Mr. Danny Vance Jr.,1994-05-25,(476)450-6968x88348,19TvTris^u,143,Lewis Spurs,Keithhaven,Saint Barthelemy,99217
michael06@example.net,Brandon Jackson,1953-12-09,(668)210-6772x1306,^@Z4MY(#Uw,1801,Vang Divide,North Gabriellachester,Mali,92619
woodsmorgan@example.com,Mallory Williams,1957-05-10,823.276.9770x250,IH)0QT1htj,548,Carrie Viaduct,South Alisonhaven,French Polynesia,42877
jared48@example.org,Brian Bauer,1950-02-22,357.875.7244x9804,LDIctCg*@3,5639,Griffin Lane,Lake Jamesmouth,Saint Helena,83373
michellemorales@example.net,Caleb Brown,1992-05-16,928-803-2664,Q2kRooxa)C,41369,Suarez Brook,Daisyburgh,Equatorial Guinea,20460
fdowns@example.com,Chad Chavez,1993-05-12,233-231-0048x288,7#PDCAMf!m,83297,Gomez Trace,Allenport,Uganda,04403
amy40@example.com,Mary Brock,1952-03-05,(282)974-5590x5142,)SZ54pEe$9,1043,Melanie Underpass,Paulaville,Monaco,82441
jmartinez@example.org,Christopher Lawrence,1990-04-06,5517961517,*2WQGRl*qm,3780,Mcdonald Fork,Hudsonborough,Cote d'Ivoire,43538
flynnarthur@example.com,Michael Evans,1971-02-22,9983098616,xkIEcU5X*6,09791,Charles Corner,Henryfort,Panama,03069
nthompson@example.com,Douglas Heath,1996-02-08,(679)237-5620x840,gaJ8uJ3&!1,9661,William Fall,Huffview,San Marino,37052
thompsonjames@example.org,Tina Smith,1980-05-01,579.762.6276x027,*6L@TbLv9b,104,Hernandez Dam,Cooperfurt,French Guiana,11376
arogers@example.net,Tony Dixon,1960-12-24,608-422-9513,TWJO90SxS!,8493,Scott Brook,Lake Eugenechester,Turks and Caicos Islands,63559
rachel77@example.net,Gregory Robinson,1963-02-28,001-457-252-5324,c58fDH(nd@,866,Hoover Oval,South Paulberg,Pitcairn Islands,33216
juangraham@example.org,James Webster,1989-12-14,840-523-0488,H*_a5TggQb,08273,Skinner Locks,Gregoryfort,Bulgaria,74076
donald05@example.org,Dawn Snow,2002-09-05,001-209-750-2846x4982,@5%Z7PljGo,0170,April Rest,Lewisshire,Bahamas,21824
luke80@example.org,Justin Goodman DDS,1995-06-29,+1-749-895-3504x2445,$5TyBko_j@,998,Duncan Forest,Davisstad,Jamaica,98919
karen21@example.com,Timothy Wyatt,1944-01-03,424-686-0105,j0*U1(Ff3I,0694,Norris Trail,Port Meganbury,Israel,79050
frankjohnson@example.net,Heather Martin,1955-01-26,8064363271,7vjoLV8M)x,4218,Theresa Square,Kempfurt,Croatia,12110
raven05@example.com,Chad Adams,1974-12-23,346-840-0117x52071,IV0+sUJf&f,584,Frazier Unions,Lake Jennifer,Sierra Leone,97546
twright@example.com,Jeremy Thompson,1956-01-07,5436733069,)EQg%Nrp&5,994,Jones Park,Garciafurt,Hungary,62216
nrowe@example.com,Dalton Brown,1951-05-27,259-734-6647,sQU+Oyxo&3,059,Franco Garden,Kevinbury,Georgia,22885
dillon12@example.org,Robert Gonzalez,1993-02-19,001-567-538-3430,X!ji7QpG7#,695,Stephanie Causeway,Port James,Norway,19152
herreraalexandra@example.net,Brianna Dalton,1980-07-19,+1-468-863-9021x28810,Zx2XwC%u+5,756,Maria Views,Lake Vanessa,Faroe Islands,08151
iking@example.org,Danielle Armstrong,1961-02-28,277.312.8824,GY7Csvkr(E,66256,Rita Park,North Angela,United States Minor Outlying Islands,66154
randallharrington@example.com,Darrell Hess,1949-12-14,707.933.3775,mwQ6E1yyW^,210,Stafford Ramp,Port Christopher,Northern Mariana Islands,06668
wesley52@example.org,Christine Clark,1957-12-21,(565)800-0349x129,@zG)ZFl)2P,7341,Pugh Stravenue,Curtismouth,Uzbekistan,07589
yjohnson@example.net,Jessica Terry,1991-06-08,403.495.7637x24406,_5o0ZM)v#!,970,Oconnor Isle,Port Ryan,Azerbaijan,22113
velasquezjohn@example.com,Misty Stokes,1984-11-26,448-758-2574x084,^gJy7Cei_%,301,Bradley Row,South Joseph,Anguilla,94773
kennedytanya@example.com,Madison Lynch,1967-01-15,001-765-913-2842x7281,B8UJBf)P^),14753,Rebecca Locks,Williamsmouth,Sweden,20066
emma58@example.org,Robert Jensen,1952-02-13,9808079591,Z*P0#5KuUO,658,Page Terrace,Melvinville,Norway,90596
cathychapman@example.org,Aaron Bailey,1947-12-20,771.960.9678x533,5lSD(9CB*7,5658,Brianna Lakes,Laurenburgh,Niger,29566
staceygibson@example.org,Cynthia Butler,1999-08-09,(824)653-2223x560,*77x9YLy%R,56382,Tracy Stravenue,Welchfort,Papua New Guinea,46211
ymorales@example.org,Dean Hampton,2000-05-03,221.998.3730,_7pvLa7Ayd,4292,Anderson Shoal,Port Robert,Croatia,03492
joseph34@example.com,Ruth Simon,1960-02-11,446-733-8762x0935,+#wIUTgEe4,53259,Dennis Path,Port Sandra,Iceland,64015
lambertanna@example.net,John Miller,1983-10-10,001-842-409-7154x06638,%o*2#MTkaS,31790,Alan Heights,West Edwardberg,Montenegro,19064
gutierrezanthony@example.org,Christopher English,2005-10-26,+1-811-781-6154x74039,Ng)4ALf8$v,5538,Joshua Vista,Heathermouth,South Georgia and the South Sandwich Islands,02118
heather58@example.com,Jessica Owen,1958-03-27,(479)954-2254x955,(NCv(4_WC7,2196,Sarah Route,Brookeshire,Rwanda,59789
davisanthony@example.org,Sara Daniels,1969-10-06,505-686-0017,O8RzuT9W(G,50997,Kimberly Walks,Frankton,Congo,92390
christinatownsend@example.net,Kimberly Cruz,1987-06-11,495.303.0184x3397,_pg9FbMs5y,19843,Joanne Station,Troyhaven,Bahamas,72453
david89@example.net,Dawn Turner,1998-08-22,001-449-519-3175x9520,&8a3#IasDh,1059,Adams Loop,North Pamela,Samoa,54536
zmeyer@example.org,Mark Gonzales,1995-03-20,692-377-1047,)VgJTXm_l4,693,Tiffany Grove,Jacobsmouth,Monaco,60448
christinaray@example.net,Amanda Fernandez,1965-04-15,001-324-376-3925x13993,+yFGLAf7B8,59139,Burton Green,Lake Timothy,Thailand,56790
desireegreen@example.net,Kristen Burnett,1986-03-18,(676)689-8479,!pw8&G9bys,885,Keller Ferry,Lake Williamstad,Saudi Arabia,99099
ortiztracy@example.com,Caitlin Fleming,1995-05-15,274.521.4032x61801,ZA0Foqi*Y*,2914,Timothy Lake,West Jenniferburgh,Korea,57796
caitlinbrown@example.com,Jared Farmer,1988-05-07,(926)699-8220x0310,E8U8OxXuA),77836,Eaton Glens,Hernandezside,Norway,72098
marcserrano@example.com,Kathryn Frost,1959-05-26,(323)758-2459,$$Y7BWkbe+,484,Bennett Streets,North Matthew,Greenland,20014
ginaramirez@example.org,Brandon Davis,1963-09-20,909.495.4130x2854,_pA!Eynxy7,3725,Miller Greens,New Michaelfurt,Samoa,79367
ronald98@example.net,Mrs. Rachel White,2003-06-25,001-596-944-4081x04848,$2dHKThb^(,161,Brittney Club,Lake Sabrinaborough,Georgia,11089
carterbryan@example.com,Sarah Olson,1968-12-18,001-584-918-1278x60661,Ji!0sF#xFq,5908,Cox Cove,Maddentown,Bangladesh,67020
qbaker@example.com,Ian Lozano,1967-03-05,+1-320-945-1097x16117,$pCYwY)pM8,46187,Page River,Ashleybury,Mayotte,43982
teresanguyen@example.org,John Dominguez,1947-11-24,(678)875-5464,PyI#9N@j*5,191,Jennifer Coves,Port Annaland,Western Sahara,60636
dpugh@example.org,Stephen Navarro,1968-07-06,843-561-7663,BdH3y1Yu_O,4049,Arnold Junction,New Crystal,Mongolia,88544
melissacarlson@example.org,Jenna Smith,1950-03-11,5767905132,frFhto6q!8,870,Collins Oval,Lake Justin,Antarctica (the territory South of 60 deg S),27775
carla69@example.net,Jerry Marks,1951-01-12,+1-846-327-8524x192,@80mHY(i4*,9894,Jessica Dale,Port Catherine,Guatemala,72415
joseph42@example.com,Deborah Murphy,1960-05-29,+1-615-778-4418x582,*UtGdT#s&7,60776,Kristen Flats,Joshualand,Egypt,10699
garciarebekah@example.net,Paul Walker,1993-11-19,(611)367-8518,2fq3*LNm*2,268,Vazquez Mission,South Jeremy,Niger,20084
sara25@example.net,Patricia Young,1952-07-16,553-500-4811,@9uyXEfkJ8,748,Kelly Vista,New Robert,Martinique,82909
brusso@example.net,Angela Mcbride,1947-07-22,941-973-1342x41427,vq&7$REyWE,79830,Mejia Harbor,Davidville,Antarctica (the territory South of 60 deg S),68564
jamesadams@example.com,Kirsten Jacobs,2004-01-10,001-528-527-6745x62171,a%9&Sp5kbP,393,Samuel Shores,South Mark,Armenia,82001
andrew74@example.org,Leslie Baker MD,1997-09-26,001-992-946-0721x425,%7MV9Ezp*6,1028,Autumn Road,Timothymouth,Dominican Republic,41884
cassandrathomas@example.net,Ryan Tucker,1986-08-12,405-752-9512,3@9)drZm9K,99596,Brittany Isle,Elainebury,Hungary,76518
henryphilip@example.net,Peter Moore,2003-05-12,(724)850-4692,&!+9PxRHfc,584,Andre Landing,South Michelle,Saint Martin,89377
angelica45@example.org,Richard Morris,1982-06-11,(556)322-1169,+1moD@mjBp,5488,Murray Mall,East Jason,Kyrgyz Republic,12937
alexa06@example.net,Stacie Thompson,1972-07-28,587-545-7972x04523,&AJf1VUa(c,8210,Matthew Points,North Anthonymouth,Morocco,25146
tiffanymarsh@example.org,Ashley Eaton,1954-04-21,+1-927-773-7666,*icp*Lbq%6,974,Mary Place,East Keith,Brunei Darussalam,97208
ocochran@example.net,Brandon Marsh,1963-02-26,8409794856,#1!2NVXp#q,94507,Lawrence Lodge,East Mariachester,Sweden,67634
austinholmes@example.org,Antonio Wright,1981-07-12,(702)533-2401x298,Z#9TrPmw@d,65959,Reeves Island,New Andrewport,Bulgaria,39352
eric66@example.org,Maria Contreras,1974-02-24,8195110227,8ZNea7pa!u,671,King Islands,Moraton,Japan,06323
bradleymichelle@example.net,Randy Solis,1993-11-23,(677)373-6477x28036,_9Txj^FmVo,431,Gray Common,West Jonathan,Cote d'Ivoire,80218
hernandezsandra@example.com,Corey Gillespie,2002-03-08,(720)226-1240,mABN7%gf+0,7617,Travis Mountains,Jonathanland,Madagascar,35619
dianebutler@example.net,Robert Bowen,1950-09-05,583-628-5269x301,+bW#wxx!0(,638,Debra Crossing,Kramerbury,Jamaica,37761
janet60@example.net,William Mcintyre,1945-07-22,497.819.2122x509,B57@ESia%p,4289,Johnson Spur,Wardshire,Morocco,97911
robertgarcia@example.org,Henry Peterson,1994-04-18,+1-572-347-2474x80774,+!jL2TprPG,10260,Laura Corners,Lake Laurenmouth,Saint Martin,17444
blake14@example.net,Kristin Butler,1991-08-08,001-747-745-8441,lw36Ff&wy_,58078,Olsen Drive,Lake Valerie,Niger,38245
keithjones@example.net,Megan Fox,1987-12-06,320-585-7676,R9o^MPT^&r,56121,Davis River,Robertberg,Bhutan,67221
chadwright@example.org,Andrew Howell,1974-03-15,(697)380-9003,r5kORoZ4#c,21877,Doris Harbor,Randolphchester,Chad,97575
bartlettkiara@example.org,Charles James,1956-09-09,+1-722-619-7326x0518,o(0EPBk!^^,610,Chelsea Mission,Danielberg,Ghana,96361
gonzalesthomas@example.net,Justin Miller,1946-09-29,001-450-705-4232x06261,6D0L^v0z)(,581,Huber Hollow,North Christian,Sri Lanka,76431
nwilliams@example.com,Erik Young,1952-01-30,572-442-6211x46100,_2XRc#b&@V,4814,Alexander Square,Lake James,Hungary,90040
edwardkennedy@example.net,John Johnson,1978-05-24,(408)665-8705x0712,q1BzsnRy#L,9735,Joshua Divide,West Briannabury,Taiwan,10907
johnwilliams@example.com,Michael Hall,1972-07-19,(481)436-5708,N1AO*e28$O,92850,Kane Light,West Shelly,Kyrgyz Republic,62561
lorimack@example.net,Dustin Dixon,1971-02-02,693.244.4217x406,b5XCNVr_!T,4261,Simpson Throughway,Lake Geraldshire,Aruba,51418
orodriguez@example.com,Raymond Fuller,1946-06-20,+1-622-913-6296x62446,r)32Fsj+vq,47880,Mcgee Mountain,Davidbury,Gambia,42267
cbarnett@example.org,Robin Garcia,1946-09-24,4284582637,0bU1^Xcu^@,0435,Pitts Inlet,North Edwardmouth,Niger,93589
rebeccaodonnell@example.net,William Cline,1949-06-29,285-856-8048x30298,fL%U71Yh*%,3232,David Squares,Lake Christopherbury,Colombia,71975
luismarshall@example.net,James Tanner,1958-09-04,+1-835-621-9487,RE0&8OBq7a,1106,Barnett Greens,East Allisonhaven,Dominican Republic,07481
test@example.com,Test Customer,1990-01-01,1234567890,password123,123,Test Street,Test City,Test Country,TE12 3ST
