product_number,name,description,brand,color,dimensions,weight,price,warranty_period,category,stock
PROD-751572,Headphones We,"Study person decision. Pm close sing letter. Explain prove standard back.
Someone but section. Yourself work behavior writer Republican any garden.
Make short happy different statement agreement.","Cain, Combs and Haynes",DarkSlateBlue,55x77x38,12.18,152.93,267,Electronics,138
PROD-187683,Headphones Even,Change yard south voice body write. Believe push mind local account party fall music.,Lewis Inc,LimeGreen,41x33x27,1.59,273.15,162,Electronics,31
PROD-535348,Smartphone Policy,"Pretty operation court board deep spend already. Red force here itself various develop.
Citizen deal alone often fund. Back keep minute.","Nash, Sellers and Williams",Aquamarine,64x93x29,13.81,1192.25,359,Electronics,38
PROD-156173,Tablet Spend,Possible expect else senior rich probably heavy eye. Beyond matter college approach. Red drop run kid machine career.,Jones Ltd,DeepPink,72x88x34,0.83,453.16,700,Electronics,40
PROD-930838,Laptop Can,"Once truth Mr quite catch production find project. Example own mother all word simple. Law floor detail six.
Miss measure choice so government yard meeting. Commercial top field million.",Villarreal Ltd,Gold,36x23x15,15.27,1895.28,143,Electronics,164
PROD-504870,Headphones Recognize,"Quickly site history evening fish.
In set difference station. May lead stuff project degree address arrive. Item in gas how forward.",Steele-Wagner,Gold,91x50x65,10.93,168.63,467,Electronics,104
PROD-281185,Laptop Else,"Any forward none could while. Garden pretty whole.
Support activity will. Customer rather most particular perform.
Player job lose any behind none. Mention number like under century model.","Lester, Rose and Kennedy",DarkSlateBlue,49x22x41,7.85,1741.32,49,Electronics,19
PROD-410447,Tablet Entire,"Face these home development memory billion particularly. Weight your great write share.
Those future image especially listen may whose. Record sing beyond since popular. Message local possible.","Scott, Ruiz and Garner",Lavender,93x22x93,9.14,789.85,162,Electronics,163
PROD-924422,Headphones Cost,"City school coach agency. Eye sign dark across through cause. Board give box brother unit.
Management total make writer reach. Many certain worry section take different.",Davis-Hernandez,LightCyan,73x79x67,9.91,131.05,180,Electronics,199
PROD-563933,Headphones Theory,"Form child rather sure reveal.
Art important town audience young myself without. Prove often civil like reflect enter.
Beyond shake evening. If statement in defense nothing join.",Andersen-Campbell,DarkGray,16x37x22,6.55,283.82,457,Electronics,198
PROD-489514,Smartphone Design,"Ok make political increase majority single three. Third hard conference either.
Soldier chance traditional adult. Blue itself job citizen.",Kelly Group,AntiqueWhite,51x11x66,18.65,1109.64,358,Electronics,154
PROD-703923,Tablet Could,Course charge most dog include blood. Herself hotel program space body. Trade generation bed inside stand night.,Johnson LLC,PaleGoldenRod,26x30x88,16.35,677.88,692,Electronics,17
PROD-241843,Laptop Health,"Cut not position finally. Protect defense growth final chance. Available staff mouth cover one example.
Seven side indicate situation human effect. Risk hard raise its.",Mcbride-Hines,SandyBrown,39x36x26,5.98,1566.85,132,Electronics,50
PROD-159132,Laptop Everything,Audience create serious. Stage for movement year rise somebody sound.,Williams and Sons,ForestGreen,89x61x76,16.3,1226.58,71,Electronics,54
PROD-571675,Smartphone Believe,"Voice perform much above evidence. Fund want participant have special. Report man activity onto mouth care agency.
Less people bit lot cultural four. Anyone other bill.",Torres PLC,AntiqueWhite,36x13x20,1.83,533.63,514,Electronics,107
PROD-685406,Headphones Capital,"Minute discuss situation truth. Amount Congress generation more. Class door provide structure job.
Ok receive though whom many. Rule strong respond weight no single.",Hardy-Martin,DarkOrchid,33x37x28,12.23,258.23,198,Electronics,101
PROD-854295,Tablet May,Tonight consider total dinner design before hard. Plant war late company strategy local. Behind vote enter new country tree.,Blevins-Conley,Thistle,45x83x39,6.9,527.23,326,Electronics,53
PROD-234658,Tablet While,Senior size should sport new everything. Include successful remember wonder direction yard.,Valencia-Russell,HoneyDew,31x33x65,18.79,424.84,708,Electronics,81
PROD-932364,Laptop Three,Next than respond guy find away six. Them list media site economic writer. Hour forward nature we improve.,Perkins and Sons,Khaki,93x53x27,1.44,915.14,613,Electronics,150
PROD-248866,Headphones Force,"Oil role note begin any sell. Situation top over people join job reality who.
Mind growth president store amount member. Much happy cause edge medical back.",Evans-Sanchez,Azure,17x57x68,16.58,231.29,637,Electronics,196
PROD-579955,Smartphone Wind,"Describe wear institution purpose security. Time surface television economic. Continue of have various.
Friend condition this professor effect contain front. Place movie natural voice ok language.",Graham-Dennis,Beige,68x85x82,6.47,804.56,416,Electronics,164
PROD-738313,Smartphone Itself,"Agent should eat act. Fill force family help opportunity station just. Should suddenly relate west certainly serious.
Serve hair by price man land individual. First call because have.",Moore Inc,Tomato,80x41x96,16.92,753.3,424,Electronics,164
PROD-855181,Tablet Tree,College camera office our choice would wear. Suffer among billion remain create under. Lot water laugh measure course guess gun answer.,Evans-Jenkins,LightGoldenRodYellow,24x93x99,5.8,626.43,207,Electronics,156
PROD-737560,Laptop Door,Type management against rise today trial. Challenge interview force ask authority cultural.,"Carpenter, Costa and Morse",Indigo,34x78x92,14.3,1902.31,241,Electronics,194
PROD-301097,Smartphone Message,"Week plant rate through game race garden. Truth for visit sell. Mouth minute himself around would.
Poor gas beat stock. Tonight arrive organization future property.","Pace, Delacruz and Brown",MintCream,98x78x20,17.37,1042.61,436,Electronics,19
PROD-664769,Textbook Factor,Result culture nice. Debate music door question produce foreign he gun. Eat serve structure marriage arrive view moment. Third high method street billion scientist.,Pollard-Morris,PapayaWhip,30x18x98,11.7,88.13,641,Books,49
PROD-178881,Textbook Manager,"Attention say value without. Between old activity entire little cup third.
Ball exist open pay president military. Heart apply inside accept might keep even.",Giles LLC,Sienna,73x75x19,19.9,68.44,561,Books,64
PROD-589713,Comic Book Recently,"Brother half summer available nearly. Represent oil either manager sometimes. Apply those southern share.
Smile daughter left whole interesting history interview. Stop office beyond paper.","Davis, Cherry and Smith",PaleVioletRed,27x81x75,12.53,16.24,61,Books,200
PROD-695534,Novel Best,"American hair trip social fine first.
Painting sing test save. Recently also take wide such beat film. Others education music.","Krueger, Davis and Andrews",Violet,97x76x75,11.39,11.29,272,Books,188
PROD-947266,Comic Book Already,Listen win dark about believe total. Group simply Mrs network line down relationship. Quality day voice feeling carry.,Lindsey Ltd,LavenderBlush,94x96x98,11.16,26.05,560,Books,182
PROD-849622,Textbook Good,Stuff section medical evening community. Report note test do. Everybody his recognize paper design purpose.,"Hamilton, Mack and Rios",LightPink,53x84x21,17.64,52.16,698,Books,103
PROD-647893,Textbook Section,"Hold between morning. Type message although federal contain manager.
Serve body husband able. Reveal already marriage experience later enough light culture. Various ask structure any ground.",Miller PLC,White,97x30x27,8.92,105.81,100,Books,109
PROD-610992,Comic Book Claim,"Meet shake on. Staff product travel interest each machine pull movement.
Live instead voice. Health these along star perhaps. Fly actually who.","Watts, Holder and Lopez",OldLace,70x37x78,0.94,21.42,454,Books,168
PROD-290234,Comic Book Situation,"Can police bad time. Pm often method green generation successful. Oil war decide carry brother she.
Society perhaps life no any. Painting bank reason every focus year many.",Wright and Sons,DarkOrange,27x36x67,13.6,36.85,229,Books,153
PROD-130583,Cookbook Staff,"Red tonight decision particular. Might citizen left.
Ago source role end bit fish. Approach else soon cause interest.","Randall, Burns and Willis",Gainsboro,72x33x14,0.63,26.61,100,Books,184
PROD-26135,Textbook Away,"Question finally development trip pattern key issue. Question again first ago among.
Sound with gas usually arrive. Recognize also up consider win raise.",Morris Ltd,PeachPuff,39x57x79,4.13,133.22,102,Books,176
PROD-3514,Cookbook House,"Father our not safe. Number drop husband determine last year. There main around piece market.
Arrive range three leg appear. Scene style knowledge example.","Kelley, Johnson and Perez",Blue,82x23x54,2.34,26.88,414,Books,162
PROD-618752,Comic Book Think,Majority note land point camera provide. Majority tonight lose beat customer. Visit be chair address cover close time.,Miles-Gould,Tan,13x100x11,3.76,28.63,704,Books,79
PROD-150759,Cookbook Eight,"Despite study industry condition. Because term pattern argue leg into source.
Put church life stuff plant put quality. Participant everyone week. Major good no western look.","Dean, Weaver and Nelson",FireBrick,65x100x100,4.02,20.97,600,Books,171
PROD-298359,Textbook Above,Understand wind cup. Catch leader one blood.,Porter-Manning,DodgerBlue,40x66x94,8.76,86.45,429,Books,176
PROD-123161,Cookbook Outside,Newspaper situation beat commercial over loss she energy. Get discussion food woman yeah real. Billion this resource even speak.,Young and Sons,HoneyDew,94x65x61,7.0,30.9,670,Books,174
PROD-895268,Cookbook Usually,Partner walk candidate whatever though. World see threat officer vote. Growth focus choose theory above professional the. Degree religious wrong finally like consumer here.,Mills Inc,SandyBrown,39x16x97,17.9,40.8,114,Books,83
PROD-802700,Textbook Future,"Gas your art something thus herself. Number born mother center.
Half item year gas. Detail take eat environmental summer receive concern.",Bates LLC,LightSlateGray,24x30x60,18.63,127.52,407,Books,148
PROD-719484,Novel Quite,"Why early other people today cultural suggest baby. Operation shoulder bad become. Tree someone glass.
My tend enjoy show politics measure. Describe less sister open indeed every outside.","Mueller, Roberts and Morales",Gray,22x53x15,14.23,14.29,674,Books,19
PROD-812029,Comic Book Per,Performance produce form or computer condition both. Group share than data industry community.,Powell LLC,Bisque,72x39x31,9.73,28.16,327,Books,178
PROD-898220,Cookbook Gun,"Least national per region again book. Especially particularly security key trouble south.
Have manager president commercial space later Democrat your. Land feeling serve another along.","Mcdonald, Petty and Price",LavenderBlush,17x41x64,10.3,49.76,291,Books,73
PROD-671140,Novel Responsibility,"Key develop issue civil base leave that. Ready campaign east share beat boy.
Thank leg use military yet. Military campaign manager although color early ask. Particularly instead stand.",Hansen-Turner,Fuchsia,16x87x37,15.35,16.61,557,Books,119
PROD-304353,Novel Rate,"Decision choose threat ball surface. Style foreign a personal various trip. Thing thank I present.
Standard either arm fill. Source computer first name side.",Martin Group,PaleGreen,82x79x25,2.05,20.34,100,Books,49
PROD-340210,Textbook Ask,"Loss lose night face open.
Work write time site central until. Event account lead likely partner. Wear along sign you either half.",Valdez Inc,IndianRed,26x66x21,17.76,113.15,397,Books,81
PROD-351419,Cookbook Student,"Like church region decide cup knowledge manager. By that TV prepare.
Me statement discussion risk billion. Color rather management inside again. Its along join save.",French-Johnson,PaleGreen,77x11x95,9.67,43.66,577,Books,30
PROD-131586,Shoes Hour,"Inside difficult mouth. Appear never science few ok interesting. Affect let happy head serve.
Size woman approach minute. Understand reflect watch for company. Around everyone difficult fund.",Jimenez Group,FireBrick,73x34x10,12.76,61.17,297,Clothing,30
PROD-726894,T-Shirt Rule,"Responsibility board head body sister pretty. Soon down world toward.
Series particular half natural themselves true benefit. Reach month expert way address lose.
Though after tough whatever life.",Nolan-Torres,DarkKhaki,43x62x68,8.05,30.22,139,Clothing,90
PROD-137555,Jeans Case,"Pick dream east. Base store design because box before activity. Possible series near ahead man represent address third.
Room set wish research enjoy. Hot major lot eight rock.",Hall-Anderson,Indigo,47x19x27,14.06,60.32,391,Clothing,122
PROD-328739,Shoes Alone,West fire great make. Want improve manager bit speech under south. Change live last however candidate sea item.,Smith-Stephens,FloralWhite,99x29x41,4.09,100.89,278,Clothing,128
PROD-553171,Shoes High,"Drive hot help good rise author employee. Moment page present west foreign brother TV show.
Speech stand final successful their watch.","Rivera, Gutierrez and Middleton",IndianRed,95x13x100,11.52,91.26,624,Clothing,79
PROD-225030,T-Shirt Under,These effort admit yard just describe. Perhaps stay matter here. Medical arrive thought executive new upon however.,Davis-Hughes,Olive,52x91x83,19.6,37.7,723,Clothing,122
PROD-964952,Jeans Nation,Republican various story half sister from animal sign. Score fly anyone world than. Page game compare whole.,Rich-Hawkins,FloralWhite,98x27x75,1.71,54.57,384,Clothing,195
PROD-366229,T-Shirt Student,"Number issue he half.
Concern or piece respond business.
Senior father country partner talk company. Such deal attorney listen degree two dog.",Fox LLC,SteelBlue,89x82x19,14.0,22.03,667,Clothing,89
PROD-455896,T-Shirt Him,Hear car international reality. Land while think fill theory according fire. Wait left two manager find bed.,Hunter-Jones,LightSalmon,17x25x74,5.06,32.12,430,Clothing,46
PROD-327799,Jacket Concern,"Full subject discover plant now imagine. Current look exist back almost keep.
Building somebody blue. Wonder message low federal. Amount week time fill way scientist.",Villarreal-Castaneda,DarkRed,62x17x47,7.81,115.72,228,Clothing,14
PROD-871595,Jacket Sing,"Whose small provide or article simple. Open stay party majority sometimes remain.
Director billion own main.
Usually professor chance can behavior development key. Soon program pick continue.","Hamilton, Miles and Mullins",RoyalBlue,72x22x14,2.77,136.35,690,Clothing,76
PROD-642298,Jacket Feeling,"Finally least message light market. Hair staff officer against college.
Benefit involve general because institution such. White economic class listen.","Davies, Hudson and Smith",LawnGreen,96x41x26,14.37,143.82,519,Clothing,76
PROD-924513,Jeans Media,"Media small training age phone that report beat. Future campaign else camera.
Condition alone buy green idea very. Resource religious perhaps rich. Open model charge garden group through practice.",Adams Group,Turquoise,62x86x51,12.82,58.95,131,Clothing,62
PROD-398932,Jacket Everybody,"Both former space action help. Democrat director over either front cover. Role drop TV pull south radio school season.
Yes play price. Discuss free read create recognize shake carry.",Mccoy Group,Snow,49x30x83,9.87,156.29,370,Clothing,186
PROD-377090,Jeans Thank,"Purpose meeting health become watch.
Trade better case new.
Even health help area east special design star. Turn unit such school alone build read.",Conley-Oconnor,OrangeRed,71x85x22,19.51,79.31,374,Clothing,172
PROD-225240,Jacket Different,Official baby quite yourself catch moment. Benefit beautiful north edge avoid perhaps. Main simple industry police various standard for.,Lewis PLC,LightPink,66x53x13,6.35,144.97,419,Clothing,113
PROD-997546,Jeans Suggest,"Exist myself bad defense. Free you listen sure film. Activity stop against.
Seat shake generation pass. Quite page newspaper break memory. Card city use peace believe.","Moore, Owens and Reed",LightCyan,76x73x76,5.43,86.29,393,Clothing,78
PROD-692961,T-Shirt Ever,Second open industry artist. Born process financial suggest always provide who. Program hold region chair force.,"Foster, Hubbard and Schwartz",YellowGreen,59x64x45,16.42,19.05,620,Clothing,148
PROD-804216,T-Shirt Throughout,"Green style campaign but. Near approach region begin job media word.
Protect road available born value.
Avoid whole school hour window again author. Star maybe security agent capital.",Douglas-Rose,LightBlue,90x50x65,16.75,17.69,679,Clothing,28
PROD-645638,Jeans Bed,Store turn pass word receive several. Ahead best new true close on. Hope may watch much somebody program design.,Moreno-Bridges,MediumSpringGreen,33x12x92,3.44,80.53,481,Clothing,41
PROD-270163,Jeans Specific,Card out Mrs east choose learn. Catch research blood ball baby safe. Surface baby same traditional oil.,Knox and Sons,Orchid,57x95x98,12.82,50.93,728,Clothing,193
PROD-593229,Shoes Second,Election blood this. It population despite media seek guess truth. Land oil officer computer statement determine. Believe stuff thus.,Saunders Group,CornflowerBlue,50x19x75,8.49,84.57,129,Clothing,88
PROD-244032,Jacket Stand,"Official group sound method seem without. Daughter response bar trip tend around central large.
Happy high thus suddenly. Land cell tree activity. Oil worry remain name ground it.",Fischer PLC,Coral,12x17x56,3.92,198.97,499,Clothing,115
PROD-311525,Jeans Dog,Behind life message. Build stock man approach. Contain position air executive kind.,Sanchez LLC,GreenYellow,28x54x65,3.46,32.26,157,Clothing,184
PROD-124439,Jacket Production,"Quickly really wonder. Little cell fight ball.
Quality sure within mouth environmental each. Writer laugh challenge door region help. Decade north six number fly student hair make.",Potter Ltd,SpringGreen,75x79x89,10.43,149.44,71,Clothing,32
PROD-109157,Cookware Set Politics,"Apply any really father issue perform speech. Change image whole air.
Chair happy writer. Law defense pick tonight recent surface. Political I exactly stage natural kitchen hotel.",Rodriguez and Sons,AntiqueWhite,79x34x28,2.66,337.12,683,Home & Kitchen,199
PROD-595541,Coffee Maker Fight,"Everybody others suggest travel mention fill national. Job season industry know.
Clearly Congress happen house. Through maintain fight remember tax. Police any spring democratic each.",Powell-Miller,Cornsilk,23x37x17,9.7,89.67,401,Home & Kitchen,84
PROD-64586,Blender Particular,Clear idea time know site time write. Ability economy different while before forward main. Similar region conference. Try herself decade growth government resource network.,Mullins-Cox,SandyBrown,81x80x85,8.77,95.19,145,Home & Kitchen,96
PROD-142601,Coffee Maker Soldier,"Up marriage decide war debate board. Teacher reason threat.
North doctor defense father economic. Building ten fast always night. Certain service defense evidence market history turn.",Williams Ltd,LawnGreen,15x53x91,7.37,108.78,40,Home & Kitchen,141
PROD-902411,Vacuum Cleaner Nor,Apply man security buy again throughout. Billion those smile partner. Produce middle actually find pattern music black. Agree consumer choose stay hit bank.,Blevins Ltd,MediumSpringGreen,27x52x67,17.31,285.54,333,Home & Kitchen,59
PROD-949136,Cookware Set Soon,"Pick next there by section reality trial. Role of reach significant live responsibility. Help piece economic student.
Money shake without beyond could early professional. Ready wrong smile.","Anderson, Nicholson and Mahoney",Chocolate,83x70x23,8.36,137.44,294,Home & Kitchen,115
PROD-844773,Coffee Maker Choice,"Notice point store. Pm water process none shake.
Bad still billion enjoy.
Practice sea human he in economy. Main yourself close last us beautiful ability.",Harrison-Palmer,Salmon,59x40x99,13.6,39.84,311,Home & Kitchen,83
PROD-422556,Cookware Set Shake,Man set carry despite power pull. Seek respond message media item particular provide.,"Willis, Jones and Gonzalez",SandyBrown,89x67x75,9.36,145.44,674,Home & Kitchen,155
PROD-817978,Blender Article,Lay conference son father prove garden until. View security bank either could. Me bit everything court store gun.,"Anderson, Brown and Jackson",MintCream,100x62x33,3.56,73.68,111,Home & Kitchen,96
PROD-440697,Vacuum Cleaner Stock,Until article represent their responsibility. Author control rich any live economic hard.,"Melton, Williams and Taylor",Red,26x96x15,15.32,201.24,215,Home & Kitchen,95
PROD-606311,Blender Image,Charge American perform American. Loss toward animal ball address argue. Glass other region arrive question.,"Hunt, Ferguson and Choi",MediumSeaGreen,83x13x51,10.2,114.22,229,Home & Kitchen,52
PROD-99776,Blender Major,"Like involve without son worry even car.
Authority cause reveal food grow. Low start every recognize federal at reason. Today forget early forget.",Schwartz and Sons,GoldenRod,82x30x29,10.53,147.05,670,Home & Kitchen,4
PROD-59227,Coffee Maker Nation,Likely something second organization thing political. Wear range pay next strong. Piece eye successful such assume those hot. Bit entire pressure interesting Congress.,"Adams, Watson and Woods",Moccasin,20x83x31,15.74,70.73,603,Home & Kitchen,82
PROD-628021,Cookware Set Drive,Audience what appear close. Truth us give partner. Expert plan part inside information stock research it.,Hernandez-Russell,LightGoldenRodYellow,30x88x43,19.27,259.62,205,Home & Kitchen,93
PROD-966627,Vacuum Cleaner Job,Health present it no. Fact art test threat field someone. Probably modern improve administration after already.,"Alvarez, Wagner and Bradley",Indigo,53x64x99,4.19,299.31,265,Home & Kitchen,97
PROD-346955,Cookware Set Into,"Our country when somebody. Image truth along perform left probably.
That fill since very. Meeting growth member near we mention. Pass shoulder we project exactly.","Jones, Black and Landry",HoneyDew,63x33x91,11.17,152.64,548,Home & Kitchen,79
PROD-350451,Blender Build,Over reveal that science mother factor worry. Present easy pressure behind necessary range thousand appear. Measure situation safe friend option.,"Kline, Paul and Mercado",Snow,52x92x52,16.88,60.2,571,Home & Kitchen,121
PROD-801541,Vacuum Cleaner Apply,"Something figure crime likely wear condition single it. Large kind hand position.
On away write certainly condition. Break year wait mouth memory set. Result watch glass ball.",Ramirez LLC,OliveDrab,75x17x85,10.62,198.54,448,Home & Kitchen,10
PROD-549233,Vacuum Cleaner Scene,"Suggest director social wonder establish. Black trial song art small section.
Forget sure sometimes must experience science weight.
Arm PM decade character choice type. Plant ahead bring specific.",Flores-Gomez,Olive,44x34x76,18.09,299.38,655,Home & Kitchen,110
PROD-693617,Coffee Maker Size,Series former admit these. Exactly force summer under table drug. Language trip give on education.,"Calhoun, Novak and Kelly",DarkMagenta,43x54x75,13.09,31.46,106,Home & Kitchen,148
PROD-11761,Cookware Set Society,Girl subject positive speak network city letter. Tough affect ahead simply officer late.,Brown Group,Khaki,35x17x82,5.36,126.31,617,Home & Kitchen,76
PROD-950425,Coffee Maker Second,Practice commercial growth debate discover avoid. Few environment concern before reality subject. Customer write collection executive lead.,"Harper, Mckinney and Fisher",Gold,98x59x92,10.2,100.37,110,Home & Kitchen,120
PROD-725523,Vacuum Cleaner Employee,Environment police serve eight manage. Field born music use establish suffer physical store. Interesting himself use anyone boy force raise.,"Kerr, Padilla and Wood",Plum,61x33x10,19.99,239.15,441,Home & Kitchen,2
PROD-345324,Blender Benefit,"Center agreement expert space culture skill night media.
Series exactly them ask story toward agreement stage. Doctor operation direction then as pull.","Thomas, White and Collins",DarkBlue,26x64x25,4.72,120.06,552,Home & Kitchen,178
PROD-238504,Blender Main,Boy positive expect surface within executive color. Opportunity large class play citizen action. Feeling central food say arm news along factor.,Smith Ltd,MediumVioletRed,68x39x41,19.87,91.74,631,Home & Kitchen,37
PROD-731280,Dumbbells Plan,Top religious never by wait under than. More avoid base somebody energy food decade interview. Draw cultural picture back car.,"Rodriguez, Barnes and King",SeaGreen,74x29x80,11.72,31.79,91,Sports,46
PROD-491772,Basketball Ability,There prevent course political each daughter. Parent protect plan system computer. Front series idea current night scientist theory.,Hudson Inc,OldLace,25x43x49,9.02,26.97,180,Sports,43
PROD-173552,Dumbbells Response,"Environment community first law executive thus important. Husband plant listen black north then of.
Those action together choice. Great final reason walk participant bill from situation.",Martin LLC,PaleGreen,65x83x75,7.63,49.7,336,Sports,155
PROD-449397,Yoga Mat Meet,Way glass song economy when. Subject strong together table TV where bring. High class community.,Anthony and Sons,FireBrick,23x84x71,6.09,27.55,491,Sports,116
PROD-179281,Basketball Card,"Determine policy contain spring when. Office part field of state.
Especially organization by think. Economic better cover father other.",Edwards Ltd,LightSteelBlue,54x30x42,11.04,29.25,688,Sports,119
PROD-83082,Tennis Racket Foreign,"Top show home growth. Important issue say carry.
Would drop international training reflect term admit reality. Natural enter education challenge address. Speech yourself put.",Sutton PLC,DarkGray,88x69x49,18.2,123.17,684,Sports,188
PROD-352389,Yoga Mat Simply,"Man end add kitchen. Behind daughter eye.
Western bring mention decade more. Game economy issue skill.","Snyder, Martin and Williams",Fuchsia,23x46x23,1.79,28.21,118,Sports,119
PROD-658133,Tennis Racket Name,"Kind sport PM. Remember turn political statement if effect.
Chair move month window. Inside pretty several main story care dream according. Information reality few list discussion check.",David-Kennedy,Violet,32x90x89,6.0,137.12,344,Sports,21
PROD-649144,Tennis Racket Mrs,Establish possible within west sense. Task themselves call positive attention write eye. Information international science grow second public. Everything no military per be need.,"Reed, Cruz and Jackson",MediumOrchid,38x40x43,10.5,144.99,353,Sports,152
PROD-622030,Basketball Clear,Show dark agency act listen small character. Computer interview federal begin model. Member wall own already sport.,Thomas Ltd,Gold,31x43x48,12.83,25.68,106,Sports,195
PROD-251779,Basketball Notice,Wind you south ground these toward. Instead direction do other step employee indeed. Tough little nothing. Baby relationship little hair cold write top.,Lee-Cook,LimeGreen,22x55x34,12.99,50.39,388,Sports,50
PROD-939804,Tennis Racket Expert,"Onto wall increase. Political read staff yard minute before change. Where stock ten bit president fact would baby.
Specific color young or establish knowledge.",Holmes-Miller,LightBlue,30x90x15,8.42,113.67,380,Sports,150
PROD-535816,Tennis Racket Allow,"Particularly tend but fact board perform thought. Itself nearly analysis level.
Himself American friend group she make. Care significant box worker.","Jackson, Gonzalez and Case",Cornsilk,43x23x83,1.18,141.91,285,Sports,120
PROD-897964,Dumbbells Rest,"Car stage foot capital majority garden.
Example per inside argue.",Flores-Rivera,Silver,18x91x34,0.51,63.89,640,Sports,126
PROD-477018,Tennis Racket Water,"Year general part despite win memory tend try. Wind general executive perform. Common source able individual network ask order.
Trial off build subject. Real of name last artist hard.",Hoffman-Murray,Brown,99x32x33,13.36,122.12,163,Sports,61
PROD-656923,Yoga Mat Reason,Manager himself develop social though. Game director five account world future interview fall.,Horne LLC,Bisque,35x36x12,3.45,34.74,551,Sports,147
PROD-274172,Tennis Racket Up,"Close type lay party. Kitchen event pick eat relate if find. What American soon seek nature include.
South offer recent quite their. Outside card ready wide little oil. From until drug.","Gordon, Russell and Marks",MintCream,24x60x11,18.5,143.63,442,Sports,114
PROD-988052,Tennis Racket Dream,Share Democrat eat collection. Style important ground lose story she project. Court deep table try six third American.,Garrett-Perez,LightPink,83x54x32,15.78,57.61,454,Sports,114
PROD-869788,Dumbbells Current,Themselves sound budget. Specific response speech to adult dinner. Discover moment make main million.,Vasquez-Holland,LightCoral,24x78x64,19.59,36.35,258,Sports,63
PROD-15678,Yoga Mat Free,"End hope property think race. Person thank store kind itself.
Foot natural outside major. Tv red beat off federal miss war.
Score make human.",Wyatt and Sons,Yellow,16x36x26,7.56,26.82,149,Sports,168
PROD-42068,Tennis Racket Near,Reveal study professor increase image entire involve. Condition structure change debate. Moment couple particular notice huge act. Baby similar back do hold.,"Kramer, Cook and Phillips",WhiteSmoke,72x98x69,5.22,93.64,45,Sports,35
PROD-454999,Yoga Mat Fast,"Culture budget Democrat issue task rest. Reach reveal because far approach contain.
Fear tree him southern big. Program present nearly art us say gas. Before would carry process term member.",Spencer-Hall,Aquamarine,21x70x51,3.26,47.98,672,Sports,126
PROD-185420,Dumbbells Operation,Manage daughter sea product argue. Believe especially daughter office check staff.,"Medina, Sosa and Nicholson",DarkGreen,56x86x17,16.39,32.84,686,Sports,134
PROD-821753,Basketball Keep,"Just information suggest near off above. Course left hope capital unit customer. Make wife my suffer.
Course above buy. Travel reality two indicate style experience.",Bean-Stephenson,Bisque,66x30x28,17.16,44.07,103,Sports,112
PROD-680484,Tennis Racket House,"Table class economic include. Economy system represent big ability final do. Ground watch campaign section ago organization civil collection.
Ahead while another behind. Coach newspaper myself first.","Schroeder, Collins and Lopez",Teal,46x61x31,8.67,158.02,440,Sports,153
PROD-104130,Makeup Kit Whole,Share modern leader power point figure bill. Mrs lot enjoy score police. Media budget section plan.,Lin-Sherman,DarkSlateBlue,20x40x80,6.86,57.33,461,Beauty,121
PROD-329461,Makeup Kit Capital,"Remain measure time little. Arrive feel cause.
Color green act example best oil. Own apply team wait check professional everybody.
Thing affect say wide administration no walk.",Miller and Sons,Violet,80x87x61,18.38,111.64,409,Beauty,85
PROD-312693,Perfume Speak,"Generation too fill owner trade enter. From right because. Film decade attention buy office include.
Give thought weight blue player enter no agent. Other significant until factor fight.",Ryan Group,MintCream,24x32x27,4.6,133.9,424,Beauty,134
PROD-828001,Hair Dryer Shake,"Mention gun beat blue shake language. But anything similar with. Piece against always grow.
Hotel tonight my own single. Answer seek stuff more draw. Read make south.","Stone, Pearson and Morgan",DarkOrchid,48x95x31,12.24,33.81,111,Beauty,26
PROD-139460,Skincare Set Organization,"Protect pressure coach system. Action happen cup understand. Light reduce over control.
Responsibility put energy name dream weight whether recently.",Smith-Ballard,DarkSlateBlue,35x67x81,0.89,78.59,295,Beauty,152
PROD-915705,Perfume Color,During nor deep ten. Dream similar work police politics audience. Administration Congress forget would bar study.,Macdonald LLC,Thistle,63x27x18,3.71,42.92,192,Beauty,79
PROD-108644,Perfume Member,"That show find.
Positive friend real price weight by clear long. School each they pay thank.",Wagner PLC,FireBrick,41x92x97,12.73,93.44,356,Beauty,39
PROD-401916,Makeup Kit Break,"Very who those general address upon agree. Issue machine one protect information sport item.
Model before our or. Factor hit pay wind. Whatever point central along long environmental very.",Valenzuela-Wise,SandyBrown,11x63x48,8.13,131.89,629,Beauty,123
PROD-809210,Makeup Kit Plan,Answer morning turn entire raise among. Agent natural at tax professor model should. Simple step state career call probably.,Aguilar-Hoffman,DodgerBlue,32x64x16,2.92,95.49,678,Beauty,23
PROD-747471,Makeup Kit Environmental,"Trouble charge market however girl agree a.
Simple site least build candidate. Technology spring fish choice kid major drug. Parent effect of bed.",Williams-Owens,MediumOrchid,16x41x76,9.09,130.52,519,Beauty,25
PROD-507947,Hair Dryer History,Degree treat southern music difference daughter. Central against pass second necessary a require. Piece trouble his him source.,Dalton LLC,DarkRed,98x28x55,12.67,71.56,94,Beauty,100
PROD-877448,Hair Dryer Study,Where establish score this happy expect. May throw down recently. Cup teach difficult become else number citizen great.,Allen-Wood,FireBrick,76x94x16,1.58,30.84,433,Beauty,57
PROD-675549,Hair Dryer Discuss,"Perhaps task early decision. Difference defense central also market test. Language pressure never born like scene.
Brother training eight international center begin. Sort almost painting.",Wells-Armstrong,DarkOrchid,64x59x13,3.56,37.31,42,Beauty,62
PROD-279202,Perfume Serious,Beautiful before clear institution. Ground tell any might. Near reality miss each put ready treat.,Stephens PLC,LavenderBlush,67x97x41,4.38,75.68,101,Beauty,39
PROD-534066,Perfume Issue,Develop identify modern leg science specific. Little would sometimes finally miss. Mission hit meet law.,"Lowe, Thomas and Rodriguez",MistyRose,12x98x11,12.27,46.47,30,Beauty,129
PROD-459556,Makeup Kit True,Perform short back however popular. Dream measure build put. If fire you discuss alone sort interesting. Teach respond every.,"Fuller, Austin and Hayes",Pink,57x88x37,12.67,118.37,525,Beauty,171
PROD-3588,Perfume Foreign,Mother technology now control man. Above base probably team. Prove dinner walk person each.,Lee-Hoffman,LemonChiffon,56x90x22,6.54,105.7,39,Beauty,184
PROD-705118,Perfume Nearly,"Congress animal paper word admit. Big build trial look window understand. Control finally out population life.
Arrive avoid plant get identify. Offer manager look every company.",Gutierrez Group,PeachPuff,26x84x77,19.52,141.1,224,Beauty,87
PROD-785666,Perfume Husband,Lot threat whose real. Professional body night process seek development camera development.,Stewart-Johnson,SkyBlue,36x86x29,4.09,80.33,574,Beauty,13
PROD-21692,Hair Dryer Mother,Structure something usually line soldier. Argue of see drug American none. Response stay visit book how.,Trevino-Singh,BlueViolet,23x47x86,9.1,39.9,356,Beauty,84
PROD-793581,Skincare Set Quite,"Machine fact but. That true good bed prepare their case such. Exist who mouth remember.
Situation city mention effort describe them ok. Produce southern security.",Williams and Sons,Blue,83x44x86,9.02,79.01,343,Beauty,36
PROD-127948,Perfume President,Act at third well plant skill source two. Into head will. Consider husband site face.,Singh-Marquez,MediumTurquoise,27x66x23,2.95,114.49,540,Beauty,175
PROD-222789,Skincare Set Brother,"Eye together which stay. Actually gas him live beyond style huge. Despite from section worker. Summer agent treatment up any her bill subject.
In treat scene stock toward power street hard.","Lopez, Collins and Miller",DarkCyan,99x95x43,9.31,64.81,95,Beauty,179
PROD-694420,Perfume Behavior,Get risk fact allow three second heavy hour. Or cover stage laugh power ability. Manage those box animal tonight medical choose.,Hoover PLC,Snow,35x52x68,12.16,148.09,160,Beauty,124
PROD-357168,Makeup Kit Clearly,Worker seven ball change quickly. Approach third federal evidence always relationship always. Night stand study much institution hundred.,Morris LLC,MediumPurple,38x56x46,3.52,176.25,143,Beauty,92
PROD-50036,Remote Car Case,"Evening southern program hospital mouth ten. Financial yes style scientist building use.
Degree of than hot. Tell just past break how free. Material enjoy relationship example upon pass there.",Knight Ltd,MediumTurquoise,34x49x47,4.53,117.29,426,Toys,98
PROD-939587,Remote Car Black,Feeling nice next develop dream ahead issue. Cover here lose meet price enter score. Ahead beautiful address hope over. President when suffer situation.,Foster-Frost,Black,56x68x44,9.13,49.95,611,Toys,168
PROD-126156,Building Blocks Guess,Wide like important approach. Might girl international mind appear blue. Line between energy edge staff treatment. A central goal economic interesting job real Democrat.,"Herman, Branch and Kramer",DarkSeaGreen,69x36x94,6.01,76.48,54,Toys,146
PROD-900853,Remote Car Season,"As enjoy federal daughter onto. Become rule fine. Here boy short hour air.
Small son range despite increase mouth section. Few structure marriage outside city poor nice student.","Lynch, Harris and Garcia",LightSalmon,54x39x41,2.4,52.92,167,Toys,124
PROD-588261,Action Figure Listen,List provide be state five message scientist. Agreement agency majority matter. Interview prepare least early would however spend.,Johnson-Middleton,FloralWhite,47x80x59,10.34,36.51,679,Toys,177
PROD-132980,Building Blocks Level,Compare training ask. Goal save million create measure style best cost. Power behavior thought.,"Poole, Quinn and Mullen",Black,72x10x22,15.55,88.9,699,Toys,158
PROD-534307,Building Blocks Suffer,"Left trip sing bank compare important yet. Customer consider month sometimes. Many center learn condition.
Painting phone operation. Far glass pick fine black significant safe. A something method.",Garza Group,LemonChiffon,15x34x78,15.55,58.17,441,Toys,164
PROD-996486,Remote Car Want,Marriage send tend. Draw suggest require only site hundred until. Its dog medical would very pull health girl.,Baird Group,Tomato,54x52x27,6.59,42.05,495,Toys,152
PROD-961255,Board Game Especially,"Heavy field be throughout able discover forget. While like show guy score tree. Blue soon source my.
Stay oil table prevent same miss. Very film front very.","Harrison, Cunningham and Holland",PaleGreen,87x25x17,15.74,37.27,62,Toys,140
PROD-93883,Board Game After,"Issue matter study cell. Develop focus evidence wife page.
Wonder way company bit protect art. Late shake environmental later security add.",Rodriguez-Morales,MintCream,53x44x56,1.83,28.47,157,Toys,41
PROD-454129,Board Game Lay,"Public job believe including. Reality yard home movie major half ask push. Human car build rate without.
Manager watch organization own themselves more including. Hear main full direction nation him.","Wells, Smith and Johnson",Lavender,51x99x62,13.1,36.24,368,Toys,28
PROD-369827,Board Game Whatever,Policy federal although. Mr science visit positive. Least rock staff guy blood one field kind. Vote around happen must site soon.,Fletcher-Weber,DarkMagenta,57x59x58,8.76,47.45,439,Toys,149
PROD-900758,Action Figure Can,"Able collection discover PM sport conference. Daughter kid how watch girl.
Really try finally hold dinner or. Western end once state.",Fowler-Sanchez,AliceBlue,65x67x55,3.17,24.36,453,Toys,60
PROD-618484,Remote Car Should,Board ago seem race deal ago. Key western certain modern establish social fight myself.,Sharp-Johnson,Yellow,75x57x86,3.1,92.64,523,Toys,95
PROD-680335,Remote Car Mean,Wrong its summer PM poor prevent always. Task vote simply rest inside. Author offer power at stay police later reveal. Expect focus from less finish thousand make leader.,"Roy, Diaz and Harris",LimeGreen,30x100x50,8.74,66.17,402,Toys,85
PROD-210333,Board Game City,"Each beat environmental create. Work card book.
Here back ahead movement politics center bring. But worry blood whom.","Williams, Williams and Brown",DarkGray,85x54x65,8.11,28.03,529,Toys,89
PROD-951366,Action Figure Assume,"Consumer event situation something part continue meet. Adult call can have test concern drop.
Resource poor end must close list fund industry.
Let body line could. Determine bit million party.",Carr and Sons,Chartreuse,48x21x48,11.11,35.36,675,Toys,164
PROD-995493,Action Figure Name,"Hour any away probably either adult campaign. Run remain strong music. Eye room too together worry name another.
Always Congress benefit half. Total hundred fund whatever speak mention.",Jackson and Sons,SeaShell,97x22x94,18.57,36.07,565,Toys,66
PROD-218842,Action Figure Detail,"Technology president control building good fund would type. Suffer until certainly employee song necessary put. Gun civil administration.
Season billion never foot its.",Vaughn Ltd,MediumVioletRed,23x21x56,8.57,22.98,233,Toys,83
PROD-457740,Action Figure Want,"Language subject true result alone result attention carry. Moment smile also anything anything almost simple week.
Certainly use each couple east direction. Listen world life establish likely huge.","Dean, Jones and Adkins",YellowGreen,16x46x59,6.0,20.61,261,Toys,26
PROD-137149,Remote Car Region,"None dark word. Himself resource shake laugh street hot court.
Read much one discover election reflect build. Occur hotel production herself popular machine clearly.",Sanders Group,PaleGreen,16x45x69,12.64,50.93,562,Toys,41
PROD-410343,Building Blocks Guy,"None best interview four. Build drug open food.
Movie dinner population loss free occur.
Try more car important. Pressure huge to Congress data rest impact. Trip buy fast policy almost citizen card.","Morris, Fowler and Grant",DimGray,42x23x62,0.52,90.55,536,Toys,171
PROD-272382,Board Game Cup,"Step simple agent them smile perform. Student which door.
With view deep PM here debate population nature. Fear imagine act body something claim star. Discuss arm cup figure option.","Edwards, Gray and Abbott",CadetBlue,33x11x87,3.54,41.36,131,Toys,74
PROD-458502,Board Game Around,"Cultural turn once. Side race college physical. Over cost adult long local other feel. Ok top author east standard.
Eight election stuff sea such ten.",Morris-Pennington,SteelBlue,85x17x73,0.93,38.62,99,Toys,108
PROD-998264,Remote Car Even,"College protect newspaper among word huge guy. Professor state determine laugh. Democratic standard movement.
Cultural culture adult add rather. Discuss skin suffer tonight before.",Chapman Ltd,DarkSlateBlue,99x11x25,11.99,110.18,393,Toys,116
PROD-464362,Chocolate Box Catch,"Body interest would themselves sometimes course. Role as let relate.
Hope great keep general. Truth Mr how strategy ever five.",Bautista LLC,LightSlateGray,93x47x54,0.73,46.26,518,Food & Beverage,18
PROD-732561,Chocolate Box Four,"Lawyer clear mouth until. Mention teacher any training. Dinner floor call. Look fall Republican consumer wide hot expect.
Deep decision entire save begin during. Boy TV fast partner.","Woodard, Johnson and Carrillo",GoldenRod,27x17x93,9.56,43.98,265,Food & Beverage,154
PROD-780099,Tea Set Camera,"Protect probably fact explain science group finally.
Enjoy also list staff control week. Arrive girl onto push watch blue realize.",Weber-Cain,Tan,82x98x52,11.79,73.21,583,Food & Beverage,168
PROD-709547,Tea Set More,"Story see money know. Return work peace yes TV century.
Good which somebody call including current soon. Chair quality business knowledge.",Reyes and Sons,LightGoldenRodYellow,60x96x40,10.96,64.8,245,Food & Beverage,22
PROD-623050,Wine Very,Company surface personal form pick. Be author reduce second business hospital along. Bank indeed experience.,"Harris, Rivas and Oneal",LightSalmon,11x78x20,11.61,48.05,369,Food & Beverage,48
PROD-553647,Wine Policy,Thank indeed interview garden. What example buy many rise growth fear.,Nelson-Keller,LightSteelBlue,82x91x12,15.6,41.88,198,Food & Beverage,200
PROD-255649,Chocolate Box Form,"Another any medical head. Wrong hand final yeah industry score.
Senior natural cost nation someone whom sound. Show activity so she. Around able buy role seat leg people.",Hodges Ltd,SkyBlue,58x83x10,17.51,23.97,450,Food & Beverage,128
PROD-459247,Tea Set Music,"Wonder artist five line recently. Learn account reflect role take idea. Trip economy true per.
Modern if on fire a. However animal news walk before modern near.","Hunter, Wilson and Beard",DarkGoldenRod,73x76x38,13.44,45.43,125,Food & Beverage,49
PROD-514208,Coffee Beans At,"Area few significant clear box success. Story fish car just oil.
Write management land call per. Decade wish for several out. Choice direction hair southern hair.",Brown Ltd,Plum,26x38x90,8.42,37.24,463,Food & Beverage,184
PROD-677948,Tea Set Shake,"Police customer learn front mean need. Special language think century although. Generation lose hope.
Radio open poor wide together speak. Research bed off glass good. Maybe keep teacher full figure.",Hudson-Ferguson,LightSeaGreen,93x88x13,14.71,76.27,565,Food & Beverage,153
PROD-614546,Chocolate Box Bed,"Professor until there effort carry place. Six political say. Teach more difficult reveal.
From by result wind strong. President condition country source buy. Hair seat land middle read determine.",Jones-Mosley,Peru,62x21x73,19.29,47.29,328,Food & Beverage,91
PROD-570383,Wine They,Describe assume check admit. They site small letter your.,Ballard PLC,Black,94x22x84,14.84,66.69,561,Food & Beverage,60
PROD-454125,Tea Set Newspaper,Improve others spend home citizen care free. Pick blue institution well may.,Cannon Inc,Aquamarine,31x26x94,11.25,52.9,97,Food & Beverage,52
PROD-66421,Chocolate Box Nor,"Cell job share produce. Phone rest carry help time else. Weight day company team sea everything worker common.
Build social treat green find. Or here state matter manage language keep.",Massey PLC,Yellow,44x48x48,3.84,29.06,47,Food & Beverage,65
PROD-79759,Chocolate Box Six,No someone country phone team go send. Listen power protect level cold. Popular world performance now price hundred.,"Lee, Mcbride and Hess",Pink,76x56x92,7.85,40.05,42,Food & Beverage,114
PROD-360686,Tea Set Only,"Own Democrat career who. Film doctor product drug wind manager window.
Ahead with finish film different agent technology. High likely moment time somebody seek another.","Chan, Chen and Wilson",LightSlateGray,73x88x26,11.27,58.48,307,Food & Beverage,197
PROD-644552,Tea Set Whole,"Although parent image up. Vote old realize structure glass know. As account because camera whole occur.
Place trial need maybe carry argue need. Usually build off term sing.","Cortez, Smith and Morgan",Tan,69x42x13,1.82,58.59,199,Food & Beverage,64
PROD-327922,Wine Various,Although development wrong simply nearly window. Bar tonight southern present mother. Land move seek top ever poor. It receive message wait.,Moss-Rhodes,Beige,36x57x31,12.53,76.31,356,Food & Beverage,60
PROD-661277,Chocolate Box Indeed,Finally fast data skill soldier lot. Who no week expert. Mrs follow system somebody stop together side. Study over fund century admit fire.,"Huber, Mejia and Park",OldLace,66x80x66,16.58,37.35,44,Food & Beverage,117
PROD-247325,Wine Dinner,Hold management structure society simply. Beat investment unit woman foreign daughter. Throw challenge almost dark break.,Neal-Church,CornflowerBlue,67x17x71,0.78,49.36,397,Food & Beverage,43
PROD-454962,Coffee Beans By,Attorney treatment yourself surface science. First outside successful property hold current language. Accept ball fact on card suddenly.,Maxwell-Harding,PaleTurquoise,91x30x29,13.6,25.72,430,Food & Beverage,28
PROD-119506,Wine Course,This local whatever ball describe. Office almost line shoulder. Skill development simply more knowledge maintain.,Dunlap and Sons,Coral,67x42x24,13.47,68.45,77,Food & Beverage,43
PROD-904016,Tea Set Religious,By produce they order stop director. Benefit century else body conference act choose.,Horton-Oconnor,Green,29x21x26,18.54,45.59,719,Food & Beverage,135
PROD-604151,Coffee Beans Season,Should black happy matter could. So such window week degree language enough. View defense how ok president natural.,Schneider LLC,LemonChiffon,61x34x37,19.58,38.04,614,Food & Beverage,127
PROD-50124,Coffee Beans Within,"Cultural trouble real. One set sea modern system artist data.
Together watch arm. Question understand step end final might half. Blue memory serve prevent return.",Cameron-Tran,MediumSpringGreen,19x93x69,12.6,29.7,417,Food & Beverage,139
TEST-001,Test Product,Test Description,Test Brand,,,,99.99,,Electronics,10
