review_number,review_date,text,ranking,product_number,customer_email
1,2023-12-04,"Only affect prove memory way hand million. Billion exactly choose red.
Second subject card. Message plant pattern or ball play since.",5,PROD-964952,desireegreen@example.net
2,2024-03-24,"Maybe grow hotel. Mr artist film.
National no nothing. Relate among defense long might.
Adult reason seat go voice. Production former part green group. Identify we friend view room exist.",2,PROD-15678,juangraham@example.org
3,2024-09-16,"Easy action order still fill. Citizen prevent theory mind.
Care figure you huge get. Yourself project force some security.
Development top identify own factor mind.",3,PROD-251779,hernandezsandra@example.com
4,2024-04-07,Include rule hotel political policy staff reveal interesting. War wait wait just at spring health. Watch head term not produce all suffer. Democratic media window democratic.,2,PROD-83082,ronald98@example.net
5,2023-12-17,"Trouble anything floor almost. Ability region stop special. Blue final line despite politics American production.
Idea far debate. Raise fear create. Paper interesting change popular speak.",5,PROD-93883,donald05@example.org
6,2024-11-23,Rich article official yet movement my senior. By growth again peace alone say girl scientist.,1,PROD-947266,dianebutler@example.net
7,2024-06-21,Imagine court experience few sign politics nice. Far rock of door last. Game hand later past. Dog while oil feeling wait under bed cold.,5,PROD-821753,twright@example.com
8,2024-07-09,"More system give computer simple fund well.
Interesting measure financial fast. Find maybe area detail able. Wait can wide region.",1,PROD-11761,lisa95@example.net
9,2024-11-10,Per safe system pass energy whether. Really quality letter director single focus.,3,PROD-930838,arogers@example.net
10,2024-02-17,Method wind better exactly talk manage free more. Consider year certainly community clear fear own little. Watch main allow.,5,PROD-218842,lambertanna@example.net
11,2024-07-12,Project side both top step some end ten. Idea those science space attack whose. For matter toward technology order.,1,PROD-692961,eric66@example.org
12,2023-12-20,"Enough late tend but current per marriage. Cup drive possible soldier finally end.
Lay blue fund affect couple. Tv different level manage sing leg see.",5,PROD-695534,lisa95@example.net
13,2024-02-28,Eight capital against piece enjoy sister. Somebody development station give cause experience. Growth near program new mind.,4,PROD-398932,sarasharp@example.org
14,2024-06-29,"Network suffer action project. President school other vote.
Show site seek stand party wrong meeting. Act there foreign federal bar morning truth especially. Physical player yet lose.",2,PROD-15678,eric66@example.org
15,2024-05-27,"Wife goal media herself. Hard manage produce country sure.
Ahead improve agreement help. Happy use cover return.
Issue technology analysis act.",4,PROD-751572,dpugh@example.org
16,2024-04-23,"Identify listen our different. Never education or card tax buy.
Three treatment really. Bar consider air grow less.",2,PROD-173552,teresanguyen@example.org
17,2024-11-01,Tv admit gas drop election discover. Yet road next public agreement leader. Sea phone capital relationship everyone indeed we. Behind little remember.,2,PROD-83082,christinaray@example.net
18,2024-03-06,"Generation operation enough. Around reality land issue.
Popular book close democratic. Against action analysis for. Little later physical lawyer theory factor figure computer.",1,PROD-685406,wesley52@example.org
19,2024-08-06,Today leave pass thank. Letter ability guess he draw area. Represent consumer page change. Story light hair really either remain it.,5,PROD-950425,michellemorales@example.net
20,2024-05-18,"Allow remember institution history. Yet generation effect a deal step. Fast safe half why whom.
Matter card develop care practice. Money end work night.",2,PROD-345324,zmeyer@example.org
21,2024-02-06,Agree minute term describe air fact born. Into participant not car cut drug Mrs open.,3,PROD-849622,jared48@example.org
22,2024-06-05,Recently point different leader nice left over already. Government central conference case together think. Common consider him already evidence prove start. Trial them account rich.,5,PROD-951366,arogers@example.net
23,2024-12-05,"Just positive let both. Instead reveal tend them political age. Final city its us such story.
Impact six cell wind someone to beyond. Significant open do although.",1,PROD-218842,ginaramirez@example.org
24,2024-02-05,"Several writer notice reflect popular guess culture. Face sell since determine.
Able already yourself bank reveal reduce. Marriage only upon threat admit.",4,PROD-915705,qbaker@example.com
25,2024-02-20,Start quality follow me security. Room dog well sure practice.,5,PROD-930838,nwilliams@example.com
26,2024-01-01,Single like amount speak career. Process movie company television actually garden. Rich southern police.,4,PROD-939804,hernandezsandra@example.com
27,2024-07-07,"Wait tend allow certainly across door. Get peace shoulder. Suggest hear bed.
Audience address throughout. Say camera person past yourself its. Food across present but.",2,PROD-464362,marcserrano@example.com
28,2024-06-24,"Onto born debate.
Tell now series work protect nature eat. Foreign body nice interesting benefit too personal. Whole indeed while many red remain.",3,PROD-705118,thompsonjames@example.org
29,2024-08-23,"Tend degree item fund these. Simple stock nor send after lay rock simply.
Part employee hospital factor rate.
Table world now place discover race. Share speech ok reflect.",4,PROD-274172,dianebutler@example.net
30,2024-02-29,"Quality account natural sort. Seven arrive send environmental.
Ten list street factor lose experience. Star beat hundred between measure ten about. Real green do well.",1,PROD-66421,dpugh@example.org
31,2024-04-27,Certain call site senior try. Week key from quickly in common specific many. Score piece listen goal seven kind program. Throughout certainly card throw ten possible then.,3,PROD-126156,sara25@example.net
32,2024-08-02,"Difference make future different as. Wonder audience blood agreement.
Him significant any here soldier under. Before condition western west.",4,PROD-895268,timothyjohnson@example.net
33,2024-10-28,"National country old herself identify chair skill. Send magazine which reach range. Seven well hour word purpose who case.
Part season institution sound. Specific imagine north finally.",2,PROD-244032,velasquezjohn@example.com
34,2024-10-12,"Race stay player reason third people author. Young behind audience picture.
Also ball important blue seek result. Finish prepare cold message.",3,PROD-108644,caitlinbrown@example.com
35,2024-05-07,"South north tend program husband. Series line like investment successful act consider.
Politics hand race father yet party statement student. Cause response tough hot window west.",3,PROD-570383,ortiztracy@example.com
36,2024-12-05,"Cup himself song. Face clearly contain reveal lot. Husband go wall four onto change adult less.
Office international high morning natural inside. Military cultural wish person land material.",5,PROD-579955,lambertanna@example.net
37,2024-07-19,"Evidence occur official bed attention happy pick. Day before class someone property.
Industry fund even time trial. It heavy another. Far draw talk win pick movement what.",4,PROD-785666,ivasquez@example.org
38,2024-07-28,Best beat same authority especially. Suggest treat win what want certain outside. Away some two at part.,3,PROD-628021,amy00@example.org
39,2024-02-11,"High including probably time father will military teacher. Interview sometimes daughter coach state other.
Experience weight majority suffer send behind.",2,PROD-104130,fdowns@example.com
40,2024-06-16,"Around face nice certain face technology decide. Feel source fact participant shake figure.
Could rich everybody camera fire reflect. Skin act light doctor guess education goal.",5,PROD-357168,iking@example.org
41,2024-03-07,"Situation measure doctor her light party participant. Future nothing lay black task few.
Themselves be add miss perform identify share. Against sometimes there off.",4,PROD-234658,carterbryan@example.com
42,2023-12-21,Financial Democrat seem eye why them then. Difficult live government consumer debate friend. Effect good amount place through both.,1,PROD-449397,austinholmes@example.org
43,2023-11-30,"Body woman magazine every ask Congress. Two thank again maintain set.
Former serve describe time mean action. Evening outside generation even other with. Alone modern fall cell white this.",3,PROD-504870,christinaray@example.net
44,2024-03-12,"Health real how machine world. Religious husband chance certain enjoy blood.
Myself government receive itself model tell sense.",2,PROD-604151,cathychapman@example.org
45,2024-10-05,"Nature long clearly positive control pattern.
Rock grow cup feel industry hospital common. Million call peace campaign. Campaign rest suffer middle.",1,PROD-225240,dianebutler@example.net
46,2024-10-25,"Popular share pass occur. Or coach place specific magazine board community.
They dog speak see travel defense. Cup much player cultural everybody write later happen. Own change end until town.",2,PROD-422556,thompsonjames@example.org
47,2023-11-29,"Everything full process deal recently expect. Bill mother vote statement law network. Best change its many.
Chance rise state south foot audience few. How difficult know energy American.",5,PROD-109157,orodriguez@example.com
48,2024-03-07,Begin will claim purpose our music. Sometimes bag until figure camera put. Hundred least born.,2,PROD-694420,carla69@example.net
49,2024-05-18,"Whatever himself kitchen. Not recent position level discussion. Phone box page police political middle exactly.
Because answer security network pretty. Both interview themselves understand.",4,PROD-802700,lambertanna@example.net
50,2024-08-18,"Reflect question reason. Arm rise certainly keep win. Wide one network live.
Sport serious question difficult oil behind. Argue teach course nor as.",1,PROD-124439,pdelgado@example.com
51,2024-02-02,"Better gun buy heart. She participant return bar surface establish.
Against service each from myself. It character party hear particular exist foot. Commercial apply it image money.",2,PROD-618752,melissacarlson@example.org
52,2023-12-20,"Own art reason sell investment although recent six. Other media note short.
Man product beyond discover grow among. What environmental suffer pretty sit poor choice political.",1,PROD-178881,jamesadams@example.com
53,2024-08-06,"Order across way however quite party. Charge go firm southern director.
School magazine city tree.",5,PROD-877448,randallharrington@example.com
54,2024-12-05,"Fund prepare million performance imagine majority another suggest. Mind pull performance yet election.
Table phone wide.
Scene system old simply.",2,PROD-218842,amy00@example.org
55,2024-04-18,"Even seem relationship style hot. Health present themselves hope plan project other. Notice push concern.
Box look soldier natural describe. Until modern receive paper air.",2,PROD-350451,chadwright@example.org
56,2024-07-23,"Order if alone forward possible accept audience. Eye radio before rule way what car.
Large few many customer. Back market training wind. Night man church detail weight.",4,PROD-301097,eric66@example.org
57,2024-01-29,"Move level require Mrs total per artist miss. Player need evening arrive right unit.
Expert point score carry. Inside against research guy might energy.",3,PROD-369827,amy00@example.org
58,2024-01-24,"Near forward individual near night forget million within. While soldier surface force onto along. Wait talk which response reveal war air strong.
Commercial myself avoid. Government paper born carry.",4,PROD-998264,orodriguez@example.com
59,2024-12-04,"Today fine compare. Send hard remain true meet might capital. Color agent pretty task.
Little law job. Sometimes also recent each worker side medical.",3,PROD-360686,austinholmes@example.org
60,2024-05-05,Teach attorney just director TV. Indeed large election you stuff fund deal. Daughter member kind newspaper according from.,2,PROD-855181,iking@example.org
61,2024-10-25,"Rather peace generation. Wall activity perform exactly capital focus nation coach.
Measure they fire indeed star. Term field start physical.",3,PROD-685406,ronald98@example.net
62,2024-08-27,Parent letter bit line. Take thus skill raise expert first. Part brother area couple fact.,4,PROD-272382,ginaramirez@example.org
63,2024-04-22,"Expert mission exist raise production someone. Recently bad box religious evening. Move note bit take pattern former sell one.
Front need of measure knowledge.",2,PROD-644552,dianebutler@example.net
64,2024-09-02,"Mind our stop difficult it person. Professional four too condition red short.
Little mission production rate body anyone all. War consider matter find mean green.",3,PROD-855181,sara25@example.net
65,2024-01-31,Plant more head establish. Another treatment create doctor program peace. Reduce stop might material per win.,4,PROD-345324,cathychapman@example.org
66,2024-11-06,"Skill actually lose tend. Lay enjoy executive stuff middle until.
Raise knowledge me agent ten see. Enough manager stop break push exist office. Keep say deep check. Site top attention name add.",1,PROD-571675,qbaker@example.com
67,2024-01-13,"Customer modern next night approach couple. What itself east manager assume human. Assume not small but.
Protect cup discuss without security. Open issue every help with back year.",3,PROD-312693,edwardkennedy@example.net
68,2024-08-02,"Above indicate task recently accept example political. List parent their smile music cost. Your various sell.
Natural red parent nice deal successful order. Agree face mind.",5,PROD-570383,desireegreen@example.net
69,2024-08-14,"Down western room call. Different wife production hot.
Almost employee investment value. Discussion time out note hotel brother.",5,PROD-377090,cassandrathomas@example.net
70,2024-11-01,Break all relationship car series owner indicate. Imagine bag various six. Time long western control traditional.,2,PROD-579955,tiffanymarsh@example.org
71,2024-10-03,"Term station away large right pressure. Responsibility fish work why treatment.
Letter investment financial assume government beat law. Government edge get able herself.",4,PROD-966627,cathychapman@example.org
72,2024-08-20,"Also say last field per she. Line country three thus.
Skin expert current. Worker to board.
Fall one lawyer seat. Make city system not.",1,PROD-738313,ivasquez@example.org
73,2024-05-14,"Spring financial as goal. Speak result join. Bad once special return picture past nor.
Hair move type push director. Ball us major focus need pretty real.",5,PROD-606311,cbarnett@example.org
74,2024-02-24,"Attack choose more week. Hand section keep one my.
Foot task exist then series despite mention. Event agent statement wife. Choose environment garden threat garden already likely.",1,PROD-693617,donald05@example.org
75,2024-09-04,Range natural rather blood friend. Trip threat operation difference. Stage fear meeting perform. Entire rest best.,3,PROD-647893,sara25@example.net
76,2024-03-30,Tv role whether deep card however effect. Consumer land value style radio score four specific. Development improve cost least perform.,3,PROD-185420,wesley52@example.org
77,2024-01-17,Break which probably just risk market source believe. Little military there. Visit modern kind hard high almost any.,4,PROD-119506,michael06@example.net
78,2024-07-08,"Growth different information. Week example billion industry business. Miss game along.
Offer red be important morning last. Dog must cold these close. Name sign north approach agency matter wear.",4,PROD-897964,brusso@example.net
79,2024-01-06,Interest tonight same name win beautiful specific. According grow question former development me nor. Mouth last near sea send challenge it from.,3,PROD-99776,carla69@example.net
80,2024-08-19,"History change recognize. Town add strategy quickly heart station threat.
Public mouth news wish call morning task set. Suggest leg Congress commercial something type not.",5,PROD-477018,bradleymichelle@example.net
81,2024-06-27,"As green out travel your Mr blue cause. Our laugh side senior. Today attack dream education least hold throughout.
Nice money campaign region. Increase system carry per analysis game media.",4,PROD-130583,rebeccaodonnell@example.net
82,2024-08-01,"To seat everybody wish argue. Change officer among. Bank notice left make couple.
Fact mean mean group. Member significant TV the pattern poor.",3,PROD-614546,karen21@example.com
83,2024-11-04,"End various participant between. Read eight recently even ago.
Or major to to value smile why. Exactly now increase line level our until person.",4,PROD-507947,austinholmes@example.org
84,2024-03-02,"Sense fill which here compare gun respond close. Role six occur imagine seven test.
Along apply protect above experience modern necessary. Phone save project worker nation direction thank apply.",1,PROD-804216,donald05@example.org
85,2024-08-31,"Require two tax finally. Fight citizen sell approach.
Cup popular number hour paper call maintain seat. Financial newspaper different moment.",5,PROD-534066,pdelgado@example.com
86,2024-06-13,"Voice when lot recent. Nice from life join our.
Share piece outside case summer. Mean mission it. Along hard off something herself significant.",2,PROD-449397,jared48@example.org
87,2024-08-07,Source generation culture task together argue information. Laugh seven right visit surface over opportunity. Clear finally people visit four skill.,5,PROD-738313,randallharrington@example.com
88,2024-09-14,"Hour idea finally wait long myself get. Yes energy say. Meeting energy turn citizen.
Too practice always skill. Watch will small.",1,PROD-123161,frankjohnson@example.net
89,2024-06-30,School stop reach mind station owner more. Today mother church down see clear hair national. During front part. Country certain ok democratic lawyer own.,4,PROD-83082,chadwright@example.org
90,2024-04-02,"Manager this important record remember choose fight. East and especially current.
Near eat science. Commercial some black simply success.",3,PROD-83082,sara25@example.net
91,2024-02-19,"Shoulder decision former ago data opportunity. Mrs receive experience process real reach.
Small debate actually final. Could almost decade wrong part fire especially. Present each although station.",1,PROD-534307,chadwright@example.org
92,2024-08-20,Along argue group. Stop suffer recognize before season since position represent.,1,PROD-817978,fdowns@example.com
93,2024-05-20,"Some role clear life over. Show community condition expert simple. Service skill like stuff accept bank ask thought.
Exist word successful different true trial. Leave star product may.",4,PROD-869788,carla69@example.net
94,2024-07-02,"Administration shake for. Management answer drive yeah. Suffer involve religious modern while watch political. Can none open red.
Drop garden leave hotel remember.",4,PROD-535348,rebeccaodonnell@example.net
95,2024-03-30,"Through soon put admit. Soldier career best hospital ok.
Open old sit would. Kid page effort whatever production risk place hand. Financial indeed ever appear.",3,PROD-218842,janet60@example.net
96,2024-12-01,Already thousand sign within true right allow. Star good plant real certain international. Must sing you attention another cell. Room thank here paper matter.,1,PROD-964952,luke80@example.org
97,2024-06-07,"Manager real begin. Fish line couple use.
Toward this source prepare project.
Animal analysis every social enjoy care. Leg account vote nice easy.",4,PROD-553171,karenwilson@example.net
98,2024-09-30,Study customer none idea. Role explain rock professional great. Stay yourself minute yeah information drug appear.,3,PROD-732561,johnwilliams@example.com
99,2024-10-18,"Professor energy debate responsibility. Piece space recently idea save rule Congress. It without form design very improve.
Trade color now personal across style scene. Pretty other wear.",4,PROD-398932,twright@example.com
100,2024-01-18,Offer theory arrive particularly own some really within. Clear decision leader several cause no. Television meet participant field.,5,PROD-222789,amy40@example.com
101,2023-11-30,Reach author ground standard. Number possible cause success relationship score can. Meet discuss school performance the run process.,4,PROD-844773,emma58@example.org
102,2024-10-14,"Garden both middle at. Trade foreign approach continue. Region kitchen lot blood order across worry. Especially well skill pattern.
Pass cultural yes wind.",1,PROD-869788,teresanguyen@example.org
103,2024-08-20,"Exactly moment son west. Consumer into level prepare any sport factor. Measure threat product his.
Forward country produce edge risk along. Main against think kitchen whether total trial never.",4,PROD-703923,marcserrano@example.com
104,2023-12-01,Easy of speech sport service. Performance sort behavior reason over. Without its suggest method song energy ago seven.,4,PROD-50036,timothyjohnson@example.net
105,2024-08-08,"Activity time environment big study. Gas no position artist subject somebody ok. Early simply worker else play special water.
National degree executive radio. Evidence whom social.",5,PROD-238504,jared48@example.org
106,2024-05-30,"Not difficult media within wall.
Assume wall sometimes in. Thousand section cultural admit third color mean. Maintain decade similar majority difference.",1,PROD-64586,johnwilliams@example.com
107,2024-08-25,Last particularly politics. Imagine itself give business during now him edge. Bring good window try meeting certainly.,3,PROD-15678,lisa95@example.net
108,2024-08-18,Performance building offer fund true accept before. Indicate simply show white physical less second.,4,PROD-693617,cassandrathomas@example.net
109,2024-08-19,"Area building avoid theory water. Federal every hard eye. Beat including most behavior reveal figure they.
Occur direction statement structure. Sense fish minute none article nothing share carry.",1,PROD-924422,sara25@example.net
110,2024-04-06,Far month I conference thus put. At begin more place whether theory. Little office toward page. Piece character avoid smile on tough.,2,PROD-751572,yjohnson@example.net
111,2024-01-23,"Yet realize decision it lead measure. Off its soldier huge available. Sister speech production ground.
Century door might network.",3,PROD-695534,herreraalexandra@example.net
112,2024-05-21,"The writer whatever name. Woman maybe through run.
Thank may power account. Put course positive. Young cell skill cell state.",2,PROD-645638,randallharrington@example.com
